"0","# Loading necessary packages"
"0","library(pacman)"
"0","pacman::p_load(tidyverse)"
"0","pacman::p_load(here)"
"0","pacman::p_load(rio)"
"0","pacman::p_load(knitr)"
"0","pacman::p_load(kableExtra)"
"0","pacman::p_load(skimr)"
"0","pacman::p_load(formatR)"
"0","pacman::p_load(gridExtra)"
"0","pacman::p_load(janitor)"
"0","pacman::p_load(cowplot)"
"0","pacman::p_load(ggpubr)"
"0",""
"0","# Importing data"
"0","NHANES_data <- import(here(""Data"", ""cleaned_NHANES.csv""))"
"0","diet_data <- import(here(""Data"", ""diet.csv""))"
"0",""
"0","# Initial review of the data"
"0","dim(NHANES_data)"
"1","[1]"
"1"," 29400"
"1","    21"
"1","
"
"0","str(NHANES_data)"
"1","'data.frame':	"
"1",""
"1","29400"
"1",""
"1"," obs. of  "
"1",""
"1","21"
"1",""
"1"," variable"
"1",""
"1","s"
"1",""
"1",":"
"1",""
"1","
"
"1"," "
"1",""
"1","$ "
"1",""
"1","V1            "
"1",""
"1",":"
"1"," int  "
"1",""
"1","1 2 3 4 5 6 7 8 9 10"
"1",""
"1"," ..."
"1",""
"1","
"
"1"," "
"1",""
"1","$ "
"1",""
"1","patient_id    "
"1",""
"1",":"
"1"," num  "
"1",""
"1","73557 73558 73559 73560 73561"
"1",""
"1"," ..."
"1",""
"1","
"
"1"," "
"1",""
"1","$ "
"1",""
"1","bp_comment    "
"1",""
"1",":"
"1"," int  "
"1",""
"1","NA NA NA NA NA NA NA NA NA NA"
"1",""
"1"," ..."
"1",""
"1","
"
"1"," "
"1",""
"1","$ "
"1",""
"1","systolic_bp_1 "
"1",""
"1",":"
"1"," int  "
"1",""
"1","122 156 140 108 136 160 NA 118 128 140"
"1",""
"1"," ..."
"1",""
"1","
"
"1"," "
"1",""
"1","$ "
"1",""
"1","diastolic_bp_1"
"1",""
"1",":"
"1"," int  "
"1",""
"1","72 62 90 38 86 84 NA 80 74 78"
"1",""
"1"," ..."
"1",""
"1","
"
"1"," "
"1",""
"1","$ "
"1",""
"1","systolic_bp_2 "
"1",""
"1",":"
"1"," int  "
"1",""
"1","114 160 140 102 134 158 NA 124 124 142"
"1",""
"1"," ..."
"1",""
"1","
"
"1"," "
"1",""
"1","$ "
"1",""
"1","diastolic_bp_2"
"1",""
"1",":"
"1"," int  "
"1",""
"1","76 80 76 34 88 82 NA 80 72 78"
"1",""
"1"," ..."
"1",""
"1","
"
"1"," "
"1",""
"1","$ "
"1",""
"1","systolic_bp_3 "
"1",""
"1",":"
"1"," int  "
"1",""
"1","102 156 146 104 142 154 NA 126 114 142"
"1",""
"1"," ..."
"1",""
"1","
"
"1"," "
"1",""
"1","$ "
"1",""
"1","diastolic_bp_3"
"1",""
"1",":"
"1"," int  "
"1",""
"1","74 42 80 38 86 80 NA 82 72 76"
"1",""
"1"," ..."
"1",""
"1","
"
"1"," "
"1",""
"1","$ "
"1",""
"1","systolic_bp_4 "
"1",""
"1",":"
"1"," int  "
"1",""
"1","NA NA NA NA NA NA NA NA NA NA"
"1",""
"1"," ..."
"1",""
"1","
"
"1"," "
"1",""
"1","$ "
"1",""
"1","diastolic_bp_4"
"1",""
"1",":"
"1"," int  "
"1",""
"1","NA NA NA NA NA NA NA NA NA NA"
"1",""
"1"," ..."
"1",""
"1","
"
"1"," "
"1",""
"1","$ "
"1",""
"1","wave_id       "
"1",""
"1",":"
"1"," int  "
"1",""
"1","2015 2015 2015 2015 2015 2015 2015 2015 2015 2015"
"1",""
"1"," ..."
"1",""
"1","
"
"1"," "
"1",""
"1","$ "
"1",""
"1","gender        "
"1",""
"1",":"
"1"," chr  "
"1",""
"1","""Male"" ""Male"" ""Male"" ""Male"""
"1",""
"1"," ..."
"1",""
"1","
"
"1"," "
"1",""
"1","$ "
"1",""
"1","age           "
"1",""
"1",":"
"1"," int  "
"1",""
"1","69 54 72 9 73 56 0 61 56 65"
"1",""
"1"," ..."
"1",""
"1","
"
"1"," "
"1",""
"1","$ "
"1",""
"1","ethnicity_1   "
"1",""
"1",":"
"1"," chr  "
"1",""
"1","""Black"" ""White"" ""White"" ""White"""
"1",""
"1"," ..."
"1",""
"1","
"
"1"," "
"1",""
"1","$ "
"1",""
"1","ethnicity_2   "
"1",""
"1",":"
"1"," chr  "
"1",""
"1","""Black"" ""White"" ""White"" ""White"""
"1",""
"1"," ..."
"1",""
"1","
"
"1"," "
"1",""
"1","$ "
"1",""
"1","education     "
"1",""
"1",":"
"1"," chr  "
"1",""
"1","""High School"" ""High School"" ""Some college"" NA"
"1",""
"1"," ..."
"1",""
"1","
"
"1"," "
"1",""
"1","$ "
"1",""
"1","marital_status"
"1",""
"1",":"
"1"," chr  "
"1",""
"1","""Separated"" ""Married"" ""Married"" NA"
"1",""
"1"," ..."
"1",""
"1","
"
"1"," "
"1",""
"1","$ "
"1",""
"1","family_size   "
"1",""
"1",":"
"1"," chr  "
"1",""
"1","""3"" ""4"" ""2"" ""4"""
"1",""
"1"," ..."
"1",""
"1","
"
"1"," "
"1",""
"1","$ "
"1",""
"1","family_income "
"1",""
"1",":"
"1"," chr  "
"1",""
"1","""$15,000 - $19,999"" ""$35,000 - $44,999"" ""$65,000 - $74,999"" ""$55,000 - $64,999"""
"1",""
"1"," ..."
"1",""
"1","
"
"1"," "
"1",""
"1","$ "
"1",""
"1","age_cat       "
"1",""
"1",":"
"1"," chr  "
"1",""
"1","""60+"" ""40-59"" ""60+"" ""0-17"""
"1",""
"1"," ..."
"1",""
"1","
"
"0","View(NHANES_data)"
"0","head(NHANES_data)"
